{
  "ETH": 0.8857563734054565,
  "SOL": 0.11424366384744644
}