{
  "ETH_Return": 0.3261996898576564,
  "SOL_Return": 0.6738003101423437
}