{
    "CVaR_95": -1.8455939330711337e+32,
    "CVaR_99": -8.208590058492846e+32,
    "VaR_95": -1.7496261274335313e+30,
    "VaR_99": -8.958197892586618e+31
}