{
  "ETH": 0.879719078540802,
  "SOL": 0.12028089910745621
}